{
	"geometry.banana": {
		"texturewidth": 64,
		"textureheight": 64,
		"visible_bounds_width": 2,
		"visible_bounds_height": 3,
		"visible_bounds_offset": [0, 1.5, 0],
		"bones": [
			{
				"name": "waist",
				"pivot": [0, 12, 0]
			},
			{
				"name": "body",
				"parent": "waist",
				"pivot": [0, 24, 0],
				"cubes": [
					{"origin": [-4, 12, -2], "size": [8, 12, 4], "uv": [0, 16]},
					{"origin": [-3, 11, -3], "size": [6, 13, 2], "uv": [0, 32]},
					{"origin": [-3, 11, -4], "size": [6, 7, 1], "uv": [44, 7]},
					{"origin": [-2, 9, -5], "size": [4, 5, 4], "uv": [36, 22]}
				]
			},
			{
				"name": "head",
				"parent": "body",
				"pivot": [0, 24, 0],
				"cubes": [
					{"origin": [-4, 24, -4], "size": [8, 8, 8], "uv": [0, 0]},
					{"origin": [-3, 32, -4], "size": [6, 2, 8], "uv": [16, 24]},
					{"origin": [-2.5, 34, -3], "size": [5, 1, 6], "uv": [24, 0]},
					{"origin": [-5, 24.5, -3], "size": [1, 2, 6], "uv": [24, 16]},
					{"origin": [-4, 26, -5], "size": [2, 3, 1], "uv": [44, 18]},
					{"origin": [2, 26, -5], "size": [2, 3, 1], "uv": [24, 0]},
					{"origin": [-7, 26.5, -2], "size": [2, 1, 4], "uv": [40, 0]},
					{"origin": [-8, 25.5, -1], "size": [1, 1, 2], "uv": [25, 34]},
					{"origin": [1.5, 35, -4], "size": [3, 1, 3], "uv": [40, 34]},
					{"origin": [3.5, 36, -5], "size": [2, 1, 2], "uv": [44, 15]},
					{"origin": [5.5, 35, -6], "size": [1, 1, 1], "uv": [0, 16]}
				]
			},
			{
				"name": "hat",
				"parent": "head",
				"pivot": [0, 24, 0]
			},
			{
				"name": "rightArm",
				"parent": "body",
				"pivot": [-5, 22, 0],
				"cubes": [
					{"origin": [-7, 12, -1.5], "size": [3, 12, 3], "uv": [40, 40]}
				]
			},
			{
				"name": "rightItem",
				"parent": "rightArm",
				"pivot": [-6, 15, 1]
			},
			{
				"name": "leftArm",
				"parent": "body",
				"pivot": [5, 22, 0],
				"mirror": true,
				"cubes": [
					{"origin": [4, 12, -1.5], "size": [3, 12, 3], "uv": [28, 34], "mirror": false},
					{"origin": [7, 17, -1.5], "size": [1, 1, 3], "uv": [0, 0], "mirror": false},
					{"origin": [8, 16, -1], "size": [1, 1, 2], "uv": [24, 19], "mirror": false}
				]
			},
			{
				"name": "rightLeg",
				"parent": "body",
				"pivot": [-1.9, 12, 0],
				"cubes": [
					{"origin": [-3.9, 0, -1.5], "size": [3, 12, 3], "uv": [16, 34]},
					{"origin": [-3.9, 0, -2.5], "size": [3, 2, 1], "uv": [0, 4]}
				]
			},
			{
				"name": "leftLeg",
				"parent": "body",
				"pivot": [1.9, 12, 0],
				"mirror": true,
				"cubes": [
					{"origin": [0.9, 0, -1.5], "size": [3, 12, 3], "uv": [32, 7], "mirror": false},
					{"origin": [0.9, 0, -2.5], "size": [3, 2, 1], "uv": [20, 16], "mirror": false}
				]
			}
		]
	}
}